檔案名稱,編號,名稱,品質,描述,效果,觸發時機,自身成長,其他數值,價格,提示框,升級版,轉化獲得,備注
S3001.webp,1,槓動力,普通,開槓後，本卡獲得+50分（當前為+10分）,+分,和牌時,"線性,出售時重置",無成長,3,,否,否,
S3p001.webp,2,槓動力+,普通,開槓後，本卡獲得+80分（當前為+10分）,+分,和牌時,"線性,出售時重置",無成長,3,,是,是,
S3002.webp,3,資本積累,普通,每持有10星幣則+1番（當前為+0番）,+番,和牌時,"線性,取決於其他數值",無成長,3,,否,否,
S3p002.webp,4,資本積累+,普通,每持有5星幣則+1番（當前為+0番）,+番,和牌時,"線性,取決於其他數值",無成長,3,,是,是,
S3003.webp,5,全明星,普通,和牌時每有1張紅寶牌，本護身符獲得+50分（當前為+10分）,+分,和牌時,"線性,出售時重置",無成長,3,,否,否,
S3p003.webp,6,全明星+,普通,和牌時每有1張紅寶牌，本護身符獲得+75分（當前為+10分）,+分,和牌時,"線性,出售時重置",無成長,3,,是,是,
S3004.webp,7,秘笈：搶跑,普通,前12張摸牌和牌時+6番。（每擁有1本其他秘笈時+2番，關卡開始時重置）,"+番,可轉化",和牌時,"關卡開始時重置,可轉化",無成長,3,秘笈,否,否,
S3p004.webp,8,秘笈：搶跑+,普通,前12張摸牌和牌時+9番。（每擁有1本其他秘笈時+2番，關卡開始時重置）,"+番,可轉化",和牌時,"關卡開始時重置,可轉化",無成長,3,秘笈+,是,是,
S3005.webp,9,秘笈：沖刺,普通,最後12張摸牌和牌時+4番。（每擁有1本其他秘笈時+2番，關卡開始時重置）,"+番,可轉化",和牌時,"關卡開始時重置,可轉化",無成長,3,秘笈,否,否,
S3p005.webp,10,秘笈：沖刺+,普通,最後12張摸牌和牌時+6番。（每擁有1本其他秘笈時+2番，關卡開始時重置）,"+番,可轉化",和牌時,"關卡開始時重置,可轉化",無成長,3,秘笈+,是,是,
S3006.webp,11,秘笈：先行,普通,+130分，每摸6張牌後-20分（每擁有1本其他秘笈時+60分，關卡開始時重置）,"+分,可轉化",和牌時,"線性,關卡開始時重置,可轉化",無成長,3,秘笈,否,否,
S3p006.webp,12,秘笈：先行+,普通,+200分，每摸6張牌後-20分（每擁有1本其他秘笈時+60分，關卡開始時重置）,"+分,可轉化",和牌時,"線性,關卡開始時重置,可轉化",無成長,3,秘笈+,是,是,
S3007.webp,13,秘笈：後發,普通,+40分，每摸6張牌後再+15分。（每擁有1本其他秘笈時+10分，關卡開始時重置）,"+分,可轉化",和牌時,"線性,關卡開始時重置,可轉化",無成長,3,秘笈,否,否,
S3p007.webp,14,秘笈：後發+,普通,+60分，每摸6張牌後再+15分。（每擁有1本其他秘笈時+10分，關卡開始時重置）,"+分,可轉化",和牌時,"線性,關卡開始時重置,可轉化",無成長,3,秘笈+,是,是,
S3008.webp,15,斷幺神器,普通,每次完成斷麼九役種時，本護身符獲得+20分（當前為+20分）,+分,和牌時,"線性,出售時重置",無成長,3,,否,否,
S3p008.webp,16,斷幺神器+,普通,每次完成斷麼九役種時，本護身符獲得+30分（當前為+20分）,+分,和牌時,"線性,出售時重置",無成長,3,,是,是,
S3009.webp,17,占星術,普通,如果自摸牌是公開的牌，分數x2,x分,和牌時,無成長,無成長,3,,否,否,
S3p009.webp,18,占星術+,普通,如果自摸牌是公開的牌，分數x3,x分,和牌時,無成長,無成長,3,,是,是,
S3010.webp,19,常看常新,普通,每摸9張牌後翻開1張寶牌指示牌,+寶牌,摸牌時,無成長,無成長,3,,否,否,
S3p010.webp,20,常看常新+,普通,每摸6張牌後翻開1張寶牌指示牌,+寶牌,摸牌時,無成長,無成長,3,,是,是,
S3011.webp,21,荒野探險,普通,和牌後，額外翻開1張寶牌指示牌,+寶牌,和牌時,無成長,無成長,3,,否,否,
S3p011.webp,22,荒野探險+,普通,+50分。和牌後，額外翻開1張寶牌指示牌,"+分,+寶牌",和牌時,無成長,無成長,3,,是,是,
S3012.webp,23,機會卡,普通,隨機獲得+0分~+150分,+分,和牌時,無成長,無成長,3,,否,否,
S3p012.webp,24,機會卡+,普通,隨機獲得+0分~+300分,+分,和牌時,無成長,無成長,3,,是,是,
S3013.webp,25,再來一次,普通,和牌時，隨機重覆計算1個役種,+番,和牌時,無成長,無成長,3,,否,否,
S3p013.webp,26,再來一次+,普通,和牌時，隨機重覆計算1個役種，並為其+1番,+番,和牌時,無成長,無成長,3,,是,是,
S3014.webp,27,恭喜發財,普通,和牌時，每有1張發則+2星幣,±星幣,和牌時,無成長,"線性,星幣",3,,否,否,
S3p014.webp,28,恭喜發財+,普通,和牌時，每有1張發則+3星幣,±星幣,和牌時,無成長,"線性,星幣",3,,是,是,
S3015.webp,29,五門齊,普通,和牌時，如果包含所有的花色，則+10番,+番,和牌時,無成長,無成長,3,"四風牌,三元牌",否,否,國標：五門齊
S3p015.webp,30,五門齊+,普通,和牌時，如果包含所有的花色，則+13番,+番,和牌時,無成長,無成長,3,"四風牌,三元牌",是,是,國標：五門齊
S3016.webp,31,煙花小販,普通,和牌時，使隨機1種牌的基礎分值+5分,+基礎分值,和牌時,無成長,"線性,基礎分值",3,基礎分值,否,否,
S3p016.webp,32,煙花小販+,普通,和牌時，使隨機1種牌的基礎分值+10分,+基礎分值,和牌時,無成長,"線性,基礎分值",3,基礎分值,是,是,
S3017.webp,33,彩虹泉水,普通,每關第1次和牌時，每有1個役種則+1星幣,±星幣,首次和牌時,無成長,"線性,星幣",3,,否,否,
S3p017.webp,34,彩虹泉水+,普通,每關第1次和牌時，每有1個役種則+2星幣,±星幣,首次和牌時,無成長,"線性,星幣",3,,是,是,
S3018.webp,35,節點令,普通,關卡結束時，每剩余1次換牌次數則獲得2星幣,±星幣,關卡結束時,無成長,"線性,星幣",3,,否,否,
S3p018.webp,36,節點令+,普通,關卡結束時，每剩余1次換牌次數則獲得3星幣,±星幣,關卡結束時,無成長,"線性,星幣",3,,是,是,
S3019.webp,37,伐木場,普通,+10分，在你打出5張索子牌後，本護身符獲得+10分（還剩5張）,+分,和牌時,"線性,出售時重置",無成長,3,,否,否,
S3p019.webp,38,伐木場+,普通,+10分，在你打出5張索子牌後，本護身符獲得+15分（還剩5張）,+分,和牌時,"線性,出售時重置",無成長,3,,是,是,
S3020.webp,39,有失有得,普通,每關第1張打出的牌的基礎分值+30分,+基礎分值,首次切牌時,無成長,"線性,基礎分值",3,基礎分值,否,否,
S3p020.webp,40,有失有得+,普通,每關第1張打出的牌的基礎分值+50分,+基礎分值,首次切牌時,無成長,"線性,基礎分值",3,基礎分值,是,是,
S3021.webp,41,放大縮小燈,普通,和牌時，如果手牌全部由123或全部由789的序數牌組成時，x5番,x番,和牌時,無成長,無成長,3,,否,否,國標：全小、全大
S3p021.webp,42,放大縮小燈+,普通,和牌時，如果手牌全部由123或全部由789的序數牌組成時，x10番,x番,和牌時,無成長,無成長,3,,是,是,國標：全小、全大
S3022.webp,43,坐地起價,普通,開槓後，槓牌的基礎分值+50分,+基礎分值,開槓後,無成長,"線性,基礎分值",3,基礎分值,否,否,
S3p022.webp,44,坐地起價+,普通,開槓後，槓牌的基礎分值+80分,+基礎分值,開槓後,無成長,"線性,基礎分值",3,基礎分值,是,是,
S3023.webp,45,開蓋有獎,普通,開槓後，公開後4張待摸牌,+公開牌,開槓後,無成長,無成長,3,,否,否,
S3p023.webp,46,開蓋有獎+,普通,開槓後，公開後6張待摸牌,+公開牌,開槓後,無成長,無成長,3,,是,是,
S3024.webp,47,延遲滿足,普通,每當你放棄1次自摸和牌，本護身符獲得+40分（當前為+10分）,+分,和牌時,"線性,出售時重置",無成長,3,,否,否,
S3p024.webp,48,延遲滿足+,普通,每當你放棄1次自摸和牌，本護身符獲得+60分（當前為+10分）,+分,和牌時,"線性,出售時重置",無成長,3,,是,是,
S3025.webp,49,直播帶貨,普通,每次進入商店時，隨機1件護身符包價格減半,商店,進入商店時,無成長,無成長,3,,否,否,四舍五入
S3p025.webp,50,直播帶貨+,普通,每次進入商店時，隨機2件護身符包價格減半,商店,進入商店時,無成長,無成長,3,,是,是,四舍五入
S3026.webp,51,捉五魁,普通,和牌時，如果自摸的是紅寶牌，則所有“5”序數牌基礎分值+25分,+基礎分值,和牌時,無成長,"線性,基礎分值",3,基礎分值,否,否,民間：捉五魁
S3p026.webp,52,捉五魁+,普通,和牌時，如果自摸的是“5”序數牌，則所有“5”序數牌基礎分值+25分,+基礎分值,和牌時,無成長,"線性,基礎分值",3,基礎分值,是,是,民間：捉五魁
S3027.webp,53,過期蘋果,普通,鎖定3張待摸牌。關卡結束時，獲得6星幣,"+鎖定牌,±星幣","關卡開始時,關卡結束時",無成長,"線性,星幣",3,鎖定,否,否,
S3p027.webp,54,過期蘋果+,普通,鎖定3張待摸牌。關卡結束時，獲得9星幣,"+鎖定牌,±星幣","關卡開始時,關卡結束時",無成長,"線性,星幣",3,鎖定,是,是,
S3028.webp,55,喵咪養老院,普通,和牌時，如果你的手牌中包含7張以上的幺九牌，本護身符獲得+40分（當前為+10分）,+分,和牌時,"線性,出售時重置",無成長,3,幺九牌,否,否,
S3p028.webp,56,喵咪養老院+,普通,和牌時，如果你的手牌中包含7張以上的幺九牌，本護身符獲得+60分（當前為+10分）,+分,和牌時,"線性,出售時重置",無成長,3,幺九牌,是,是,
S3029.webp,57,文房四寶,普通,在你打出18張字牌後，使隨機1種牌變為魂牌（還剩18張字牌）,+魂牌,切牌時,無成長,"線性,魂牌",3,魂牌,否,否,
S3p029.webp,58,文房四寶+,普通,在你打出12張字牌後，使隨機1種牌變為魂牌（還剩12張字牌）,+魂牌,切牌時,無成長,"線性,魂牌",3,魂牌,是,是,
S3030.webp,59,小貓釣魚,普通,鎖定3張待摸牌。每有1張鎖定的筒子，關卡結束時獲得3星幣,"+鎖定牌,±星幣","關卡開始時,關卡結束時",無成長,"線性,星幣",3,鎖定,否,否,
S3p030.webp,60,小貓釣魚+,普通,鎖定3張待摸牌。每有1張鎖定的筒子，關卡結束時獲得5星幣,"+鎖定牌,±星幣","關卡開始時,關卡結束時",無成長,"線性,星幣",3,鎖定,是,是,
S3031.webp,61,美味佳肴,普通,和牌時，如果自摸的是筒子，則獲得2星幣,±星幣,和牌時,無成長,"線性,星幣",3,,否,否,
S3p031.webp,62,美味佳肴+,普通,和牌時，如果自摸的是筒子，則獲得3星幣,±星幣,和牌時,無成長,"線性,星幣",3,,是,是,
S3032.webp,63,秘笈：亂步,普通,+320分，前12張摸牌和牌時+12番，最後12張摸牌和牌時+8番，每摸6張牌後+10分。（關卡開始時重置）,"+分,+番",和牌時,"線性,關卡開始時重置",無成長,3,,否,是,由 4 個初級版的【秘笈】合成而來
S3p032.webp,64,秘笈：亂步+,普通,+640分，前12張摸牌和牌時+24番，最後12張摸牌和牌時+16番，每摸6張牌後+20分。（關卡開始時重置）,"+分,+番",和牌時,"線性,關卡開始時重置",無成長,3,,是,是,可由 4 個【秘笈】合成而來，其中至少有 1 個是升級版
S3033.webp,65,雲上森林,普通,+0分。效果量等同於本局遊戲中魂牌種數的30倍。,+分,和牌時,"線性,取決於其他數值",無成長,3,魂牌,否,否,
S3p033.webp,66,雲上森林+,普通,+0分。效果量等同於本局遊戲中魂牌種數的60倍。,+分,和牌時,"線性,取決於其他數值",無成長,3,魂牌,是,是,
S3034.webp,67,照鏡子,普通,和牌時，如果同時有2個同點數的刻子，則對應牌的基礎分值+3分,+基礎分值,和牌時,無成長,"線性,基礎分值",3,基礎分值,否,否,國標：雙同刻
S3p034.webp,68,照鏡子+,普通,和牌時，如果同時有2個同點數的刻子，則對應牌的基礎分值+5分,+基礎分值,和牌時,無成長,"線性,基礎分值",3,基礎分值,是,是,國標：雙同刻
S3035.webp,69,最後一片拼圖,普通,和牌時，如果包含四張相同的牌，本護身符獲得+40分（當前為+10分）,+分,和牌時,"線性,出售時重置",無成長,3,,否,否,國標：四歸一（弱化版）
S3p035.webp,70,最後一片拼圖+,普通,和牌時，如果包含四張相同的牌，本護身符獲得+80分（當前為+10分）,+分,和牌時,"線性,出售時重置",無成長,3,,是,是,國標：四歸一（弱化版）
S3036.webp,71,百色戀人,普通,每當本護身符獲得任意印章時，獲得+50分。關卡開始前，本護身符獲得隨機印章。（當前為+0分）,"+分,印章","和牌時,關卡開始前","線性,出售時重置","線性,印章",3,印章,否,否,
S3p036.webp,72,百色戀人+,普通,每當本護身符獲得任意印章時，獲得+100分。關卡開始前，本護身符獲得隨機印章。（當前為+0分）,"+分,印章","和牌時,關卡開始前","線性,出售時重置","線性,印章",3,印章,是,是,
S3037.webp,73,點石成金,稀有,開槓後，槓牌成為魂牌,+魂牌,開槓後,無成長,"線性,魂牌",6,魂牌,否,否,
S3p037.webp,74,點石成金+,稀有,開槓後，槓牌和隨機1種牌成為魂牌,+魂牌,開槓後,無成長,"線性,魂牌",6,魂牌,是,是,
S3038.webp,75,赤色要塞,稀有,和牌時，5筒和5索視為紅寶牌。每張紅寶牌額外+50分,"+寶牌,+分",和牌時,無成長,無成長,6,,否,否,
S3p038.webp,76,赤色要塞+,稀有,和牌時，5筒和5索視為紅寶牌。每張紅寶牌額外+100分,"+寶牌,+分",和牌時,無成長,無成長,6,,是,是,
S3039.webp,77,連續沖刺,稀有,同一關卡內每和牌4次，本卡獲得x1番數（當前為x1番）,x番,和牌時,"線性,出售時重置",無成長,6,,否,否,
S3p039.webp,78,連續沖刺+,稀有,同一關卡內每和牌3次，本卡獲得x1番數（當前為x1番）,x番,和牌時,"線性,出售時重置",無成長,6,,是,是,
S3040.webp,79,小豬儲蓄罐,稀有,關卡結束時獲得7星幣，每過2關後效果量+1,±星幣,關卡結束時,無成長,"線性,星幣",6,,否,否,
S3p040.webp,80,小豬儲蓄罐+,稀有,關卡結束時獲得7星幣，每次過關後效果量+1,±星幣,關卡結束時,無成長,"線性,星幣",6,,是,是,
S3041.webp,81,蓄電池,稀有,關卡結束時，本護身符獲得+N分。N為本關和牌的次數x10（當前為+10分）,+分,和牌時,"線性,出售時重置",無成長,6,,否,否,
S3p041.webp,82,蓄電池+,稀有,關卡結束時，本護身符獲得+N分。N為本關和牌的次數x15（當前為+10分）,+分,和牌時,"線性,出售時重置",無成長,6,,是,是,
S3042.webp,83,地底探險,稀有,公開最後6張摸牌,+公開牌,關卡開始時,無成長,無成長,6,,否,否,
S3p042.webp,84,地底探險+,稀有,公開最後9張摸牌,+公開牌,關卡開始時,無成長,無成長,6,,是,是,
S3043.webp,85,財源廣進,稀有,每關第1次和牌時，如果和牌的番數在13番及以上，則獲得13星幣,±星幣,首次和牌時,無成長,"線性,星幣",6,,否,否,
S3p043.webp,86,財源廣進+,稀有,每關第1次和牌時，如果和牌的番數在10番及以上，則獲得13星幣,±星幣,首次和牌時,無成長,"線性,星幣",6,,是,是,
S3044.webp,87,龍之加護,稀有,和牌時，每有1種三元牌時分數額外x2,x分,和牌時,無成長,無成長,6,三元牌,否,否,有3種三元牌時分x6
S3p044.webp,88,龍之加護+,稀有,和牌時，每有1種三元牌時分數額外x2且+3番,"x分,+番",和牌時,無成長,無成長,6,三元牌,是,是,有3種三元牌時分x6
S3045.webp,89,風之加護,稀有,和牌時，每有1種四風牌時分數額外x1.5,x分,和牌時,無成長,無成長,6,四風牌,否,否,有4種四風牌時分x6
S3p045.webp,90,風之加護+,稀有,和牌時，每有1種四風牌時分數額外x1.5且+3番,"x分,+番",和牌時,無成長,無成長,6,四風牌,是,是,有4種四風牌時分x6
S3046.webp,91,賞金獵人,稀有,聽牌時，如果手牌沒有重覆的牌，分數x4,x分,和牌時,無成長,無成長,6,,否,否,
S3p046.webp,92,賞金獵人+,稀有,聽牌時，如果手牌沒有重覆的牌，分數x5,x分,和牌時,無成長,無成長,6,,是,是,
S3047.webp,93,回收機器人,稀有,每出售1張護身符，本護身符獲得+30分（當前為+0分）,+分,和牌時,"線性,出售時重置",無成長,6,,否,否,
S3p047.webp,94,回收機器人+,稀有,每出售1張護身符，本護身符獲得+50分（當前為+0分）,+分,和牌時,"線性,出售時重置",無成長,6,,是,是,
S3048.webp,95,能者多勞,稀有,每關第2次及之後的和牌，都可獲得2星幣,±星幣,非首次和牌時,無成長,"線性,星幣",6,,否,否,
S3p048.webp,96,能者多勞+,稀有,每關第2次及之後的和牌，都可獲得3星幣,±星幣,非首次和牌時,無成長,"線性,星幣",6,,是,是,
S3049.webp,97,無料物料,稀有,每在商店中刷新1次，本護身符獲得5倍刷新支付星幣數量的分數（當前為+0分）,+分,和牌時,"線性,出售時重置",無成長,6,,否,否,
S3p049.webp,98,無料物料+,稀有,每在商店中刷新1次，本護身符獲得10倍刷新支付星幣數量的分數（當前為+0分）,+分,和牌時,"線性,出售時重置",無成長,6,,是,是,
S3050.webp,99,致幻蘑菇,稀有,和牌時，所有3番及以下役計為1到6的隨機番數,+番,和牌時,無成長,無成長,6,,否,否,可能會降低
S3p050.webp,100,致幻蘑菇+,稀有,和牌時，所有6番及以下役計為1到13的隨機番數,+番,和牌時,無成長,無成長,6,,是,是,可能會降低
S3051.webp,101,汪多魚,稀有,和牌時，每張筒子有30%概率獲得1星幣,±星幣,和牌時,無成長,"線性,星幣",6,,否,否,
S3p051.webp,102,汪多魚+,稀有,和牌時，每張筒子有50%概率獲得1星幣,±星幣,和牌時,無成長,"線性,星幣",6,,是,是,
S3052.webp,103,四君子：梅,稀有,+6番。集齊四君子時，將它們合成為君子之約,"+番,可轉化",和牌時,可轉化,無成長,6,四君子,否,否,
S3p052.webp,104,四君子：梅+,稀有,+9番。集齊四君子時，將它們合成為君子之約+,"+番,可轉化",和牌時,可轉化,無成長,6,四君子+,是,是,
S3053.webp,105,四君子：蘭,稀有,+100分。集齊四君子時，將它們合成為君子之約,"+分,可轉化",和牌時,可轉化,無成長,6,四君子,否,否,
S3p053.webp,106,四君子：蘭+,稀有,+150分。集齊四君子時，將它們合成為君子之約+,"+分,可轉化",和牌時,可轉化,無成長,6,四君子+,是,是,
S3054.webp,107,四君子：竹,稀有,關卡結束時，獲得8星幣。集齊四君子時，將它們合成為君子之約,"±星幣,可轉化",和牌時,可轉化,"線性,星幣",6,四君子,否,否,
S3p054.webp,108,四君子：竹+,稀有,關卡結束時，獲得12星幣。集齊四君子時，將它們合成為君子之約+,"±星幣,可轉化",和牌時,可轉化,"線性,星幣",6,四君子+,是,是,
S3055.webp,109,四君子：菊,稀有,公開牌數量+5。集齊四君子時，將它們合成為君子之約,"+公開牌,可轉化",和牌時,可轉化,無成長,6,四君子,否,否,
S3p055.webp,110,四君子：菊+,稀有,公開牌數量+8。集齊四君子時，將它們合成為君子之約+,"+公開牌,可轉化",和牌時,可轉化,無成長,6,四君子+,是,是,
S3056.webp,111,一眼萬年,稀有,如果本關你未進行過換牌番數xN。N為剩余換牌次數+1,x番,和牌時,無成長,無成長,6,,否,否,
S3p056.webp,112,一眼萬年+,稀有,如果本關你未進行過換牌番數xN。N為剩余換牌次數+3,x番,和牌時,無成長,無成長,6,,是,是,
S3057.webp,113,汪的財寶,稀有,關卡獎勵額外獲得1倍,±星幣,關卡結束時,無成長,"線性,星幣",6,,否,否,
S3p057.webp,114,汪的財寶+,稀有,關卡獎勵額外獲得2倍,±星幣,關卡結束時,無成長,"線性,星幣",6,,是,是,
S3058.webp,115,加油助力,稀有,和牌時如果自摸的是寶牌，則自摸牌變為魂牌,+魂牌,和牌時,無成長,"線性,魂牌",6,魂牌,否,否,
S3p058.webp,116,加油助力+,稀有,和牌時如果自摸的是寶牌，則自摸牌變為魂牌且額外+3番,"+魂牌,+番",和牌時,無成長,"線性,魂牌",6,魂牌,是,是,
S3059.webp,117,巔峰盲盒,稀有,滿足500%以過關分數時，使隨機1種牌成為魂牌,+魂牌,和牌時,無成長,"線性,魂牌",6,魂牌,否,否,原文如此
S3p059.webp,118,巔峰盲盒+,稀有,滿足500%以過關分數時，使隨機2種牌成為魂牌,+魂牌,和牌時,無成長,"線性,魂牌",6,魂牌,是,是,原文如此
S3060.webp,119,黃金礦工,稀有,每關第1次和牌時，每有1張魂牌則+2星幣,±星幣,首次和牌時,無成長,"線性,星幣",6,魂牌,否,否,
S3p060.webp,120,黃金礦工+,稀有,每關第1次和牌時，每有1張魂牌則+4星幣,±星幣,首次和牌時,無成長,"線性,星幣",6,魂牌,是,是,
S3061.webp,121,萌生情感,稀有,鎖定3張待摸牌。所有鎖定牌的基礎分值+15分,"+鎖定牌,+基礎分值",關卡開始時,無成長,"線性,基礎分值",6,"鎖定,基礎分值",否,否,
S3p061.webp,122,萌生情感+,稀有,鎖定3張待摸牌。所有鎖定牌的基礎分值+30分,"+鎖定牌,+基礎分值",關卡開始時,無成長,"線性,基礎分值",6,"鎖定,基礎分值",是,是,
S3062.webp,123,一姬克星,稀有,和牌時，所有順子或刻子中每包含1張幺九牌，本護身符獲得+1番（當前為+0番）,+番,和牌時,"線性,出售時重置",無成長,6,幺九牌,否,否,不計七對、國士無雙和雀頭
S3p062.webp,124,一姬克星+,稀有,和牌時，所有順子或刻子中每包含1張幺九牌，本護身符獲得+2番（當前為+0番）,+番,和牌時,"線性,出售時重置",無成長,6,幺九牌,是,是,不計七對、國士無雙和雀頭
S3063.webp,125,大蛇瞪眼,稀有,關卡開始時，公開隨機花色待摸牌6張。（每關會隨機花色）,+公開牌,關卡開始時,無成長,無成長,6,花色,否,否,
S3p063.webp,126,大蛇瞪眼+,稀有,關卡開始時，公開所有的花色待摸牌。（每關會隨機花色）,+公開牌,關卡開始時,無成長,無成長,6,花色,是,是,
S3064.webp,127,違規燃放,稀有,鎖定3張待摸牌。每鎖定6張牌後本護身符獲得x1番（當前為x1番，還需鎖定6張）,"+鎖定牌,x番","關卡開始時,和牌時","線性,出售時重置",無成長,6,鎖定,否,否,
S3p064.webp,128,違規燃放+,稀有,鎖定3張待摸牌。每鎖定6張牌後本護身符獲得x2番（當前為x1番，還需鎖定6張）,"+鎖定牌,x番","關卡開始時,和牌時","線性,出售時重置",無成長,6,鎖定,是,是,
S3065.webp,129,煙花加特林,稀有,x15番。關卡結束時，本護身符消失,"x番,自毀","和牌時,關卡結束時",無成長,無成長,6,,否,否,
S3p065.webp,130,煙花加特林+,稀有,x30番。關卡結束時，本護身符消失,"x番,自毀","和牌時,關卡結束時",無成長,無成長,6,,是,是,
S3066.webp,131,偷天換日,稀有,鎖定6張待摸牌。換牌次數+2,"+鎖定牌,+換牌次數",關卡開始時,無成長,無成長,6,鎖定,否,否,
S3p066.webp,132,偷天換日+,稀有,鎖定6張待摸牌。換牌次數+3,"+鎖定牌,+換牌次數",關卡開始時,無成長,無成長,6,鎖定,是,是,
S3067.webp,133,已讀不回,稀有,鎖定3張待摸牌。公開牌數量+6,"+鎖定牌,+公開牌",關卡開始時,無成長,無成長,6,鎖定,否,否,
S3p067.webp,134,已讀不回+,稀有,鎖定3張待摸牌。公開牌數量+9,"+鎖定牌,+公開牌",關卡開始時,無成長,無成長,6,鎖定,是,是,
S3068.webp,135,護身符黃牛,稀有,每次進入商店時，必定有1個最高品質的護身符包，它的價格加倍,商店,進入商店時,無成長,無成長,6,品質,否,否,
S3p068.webp,136,護身符黃牛+,稀有,每次進入商店時，必定有2個最高品質的護身符包，它們的價格加倍,商店,進入商店時,無成長,無成長,6,品質,是,是,
S3069.webp,137,傳國美玉,稀有,如果自摸牌與前3張寶牌指示牌相同，則使它變為魂牌,+魂牌,和牌時,無成長,"線性,魂牌",6,魂牌,否,否,
S3p069.webp,138,傳國美玉+,稀有,如果自摸牌與寶牌指示牌相同，則使它變為魂牌,+魂牌,和牌時,無成長,"線性,魂牌",6,魂牌,是,是,
S3070.webp,139,魔豆,稀有,自摸和牌13張索子牌後，成長為通天藤蔓（還剩13張）,可轉化,和牌時,"出售時重置,可轉化",無成長,6,"基礎分值,通天藤蔓,無限獲取",否,否,可以被【嵐星·影分身(+)】覆制
S3p070.webp,140,魔豆+,稀有,自摸和牌13張索子牌後，成長為通天藤蔓+（還剩13張）,可轉化,和牌時,"出售時重置,可轉化",無成長,6,"基礎分值,通天藤蔓+,無限獲取",是,是,可以被【嵐星·影分身(+)】覆制
S3071.webp,141,快速列車,稀有,和牌時，如果完成了七對子，本護身符獲得x0.2番（當前為x1番）,x番,和牌時,"線性,出售時重置",無成長,6,,否,否,
S3p071.webp,142,快速列車+,稀有,和牌時，如果完成了七對子，本護身符獲得x0.4番（當前為x1番）,x番,和牌時,"線性,出售時重置",無成長,6,,是,是,
S3072.webp,143,摸魚臨時工,稀有,x1番。完成換牌後，如果你連續摸切9張及以上的牌，每張為本護身符獲得x0.1番（已累計0張）,x番,和牌時,"線性,出售時重置",無成長,6,摸切,否,否,
S3p072.webp,144,摸魚臨時工+,稀有,x1番。完成換牌後，如果你連續摸切9張及以上的牌，每張為本護身符獲得x0.2番（已累計0張）,x番,和牌時,"線性,出售時重置",無成長,6,摸切,是,是,
S3073.webp,145,雙學位,稀有,每當1張牌的基礎分值變動且超過100時，使其成為魂牌,+魂牌,基礎分數變動時,無成長,"線性,魂牌",6,"基礎分值,魂牌",否,否,
S3p073.webp,146,雙學位+,稀有,每當1張牌的基礎分值變動且超過75時，使其成為魂牌,+魂牌,基礎分數變動時,無成長,"線性,魂牌",6,"基礎分值,魂牌",是,是,
S3074.webp,147,票子要伐,稀有,每當出售1張品質為傳說以上的護身符時，本護身符獲得每張魂牌額外+4番的效果（當前每張魂牌1番）,+番,和牌時,"線性,出售時重置",無成長,6,"品質,魂牌",否,否,
S3p074.webp,148,票子要伐+,稀有,每當出售1張品質為傳說以上的護身符時，本護身符獲得每張魂牌額外+6番的效果（當前每張魂牌1番）,+番,和牌時,"線性,出售時重置",無成長,6,"品質,魂牌",是,是,
S3075.webp,149,御龍術,稀有,鎖定3張待摸牌。每有1張三元牌被鎖定時，本護身符獲得x1.5番（當前為x1番）,"+鎖定牌,x番","關卡開始時,和牌時","線性,出售時重置",無成長,6,"鎖定,三元牌",否,否,
S3p075.webp,150,御龍術+,稀有,鎖定3張待摸牌。每有1張三元牌被鎖定時，本護身符獲得x3番（當前為x1番）,"+鎖定牌,x番","關卡開始時,和牌時","線性,出售時重置",無成長,6,"鎖定,三元牌",是,是,
S3076.webp,151,煙花上膛,稀有,鎖定3張待摸牌。每有1張寶牌被鎖定時，本護身符獲得每張鎖定牌額外+2番的效果（當前每張鎖定牌1番）,"+鎖定牌,+番","關卡開始時,和牌時","線性,出售時重置",無成長,6,鎖定,否,否,
S3p076.webp,152,煙花上膛+,稀有,鎖定3張待摸牌。每有1張寶牌被鎖定時，本護身符獲得每張鎖定牌額外+3番的效果（當前每張鎖定牌1番）,"+鎖定牌,+番","關卡開始時,和牌時","線性,出售時重置",無成長,6,鎖定,是,是,
S3077.webp,153,紅包拿來,稀有,關卡結束時，獲得20個星幣。關卡開始時，減少20個星幣。,±星幣,"關卡結束時,關卡開始時",無成長,"線性,星幣",6,,否,否,若少於 20 個星幣則變為 0
S3p077.webp,154,紅包拿來+,稀有,關卡結束時，獲得30個星幣。關卡開始時，減少30個星幣。,±星幣,"關卡結束時,關卡開始時",無成長,"線性,星幣",6,,是,是,若少於 30 個星幣則變為 0
S3078.webp,155,摩天大樓,稀有,和牌時，如果自摸的是索子，本護身符隨機獲得x1.5番或是減少x1番（當前為x1番）,x番,和牌時,"線性,出售時重置",無成長,6,,否,否,
S3p078.webp,156,摩天大樓+,稀有,和牌時，如果自摸的是索子，本護身符隨機獲得x2番或是減少x1番（當前為x1番）,x番,和牌時,"線性,出售時重置",無成長,6,,是,是,
S3079.webp,157,車輪滾滾,稀有,和牌時，每有1個筒子的刻子則獲得3星幣,±星幣,和牌時,無成長,"線性,星幣",6,,否,否,
S3p079.webp,158,車輪滾滾+,稀有,和牌時，每有1個筒子的刻子則獲得5星幣,±星幣,和牌時,無成長,"線性,星幣",6,,是,是,
S3080.webp,159,熒光帶魚,稀有,和牌時，如果包含點數為1-9的筒子，則獲得4星幣,±星幣,和牌時,無成長,"線性,星幣",6,,否,否,
S3p080.webp,160,熒光帶魚+,稀有,和牌時，如果包含點數為1-9的筒子，則獲得6星幣,±星幣,和牌時,無成長,"線性,星幣",6,,是,是,
S3081.webp,161,通天藤蔓,稀有,和牌時，索子的基礎分值計為3倍。關卡結束時使隨機1種索子牌的基礎分值x1.3,"+分,+基礎分值",和牌時,無成長,"指數,基礎分值",6,"基礎分值,無限獲取",否,是,由【魔豆】或右側為【魔豆】的【嵐星·影分身(+)】轉化而來
S3p081.webp,162,通天藤蔓+,稀有,和牌時，索子的基礎分值計為5倍。關卡結束時使隨機2種索子牌的基礎分值x1.3,"+分,+基礎分值",和牌時,無成長,"指數,基礎分值",6,"基礎分值,無限獲取",是,是,可由【魔豆+】或右側為【魔豆+】的【嵐星·影分身(+)】轉化而來
S3082.webp,163,君子之約,稀有,+15番，+300分，公開牌數量+10。關卡結束時獲得20星幣。,"+番,+分,+公開牌,±星幣","和牌時,關卡開始時,關卡結束時",無成長,"線性,星幣",6,,否,是,由 4 個初級版的【四君子】合成而來
S3p082.webp,164,君子之約+,稀有,+25番，+500分，公開牌數量+15。關卡結束時獲得30星幣。,"+番,+分,+公開牌,±星幣","和牌時,關卡開始時,關卡結束時",無成長,"線性,星幣",6,,是,是,可由 4 個【四君子】合成而來，其中至少有 1 個是升級版
S3083.webp,165,1倍辣,稀有,x1番。關卡結束時或是和牌時自摸紅寶牌，本護身符將升級（可無限升級）,x番,和牌時,"線性,出售時重置",無成長,6,無限升級,否,否,
S3p083.webp,166,2倍辣,稀有,x2番。效果量等同於本護身符升級次數的2倍。關卡結束時或是和牌時自摸紅寶牌，本護身符將升級（可無限升級）,x番,和牌時,"線性,出售時重置",無成長,6,無限升級,是,是,
S3084.webp,167,雲朵藥水,稀有,和牌時，使最右側護身符獲得隨機印章。關卡結束時，本護身符消失,"印章,自毀","和牌時,關卡結束時",無成長,"線性,印章",6,印章,否,否,
S3p084.webp,168,雲朵藥水+,稀有,和牌時，使最右側2張護身符獲得隨機印章。關卡結束時，本護身符消失,"印章,自毀","和牌時,關卡結束時",無成長,"線性,印章",6,印章,是,是,
S3085.webp,169,吸星器,稀有,每次進入商店時，星幣超過20的部分改由本護身符存儲+0分。效果量等同於存儲星幣數量的10倍。（當前已存儲0星幣，出售時全額返還),"+分,±星幣","和牌時,出售時","線性,出售時重置","線性,星幣",6,,否,否,
S3p085.webp,170,吸星器+,稀有,每次進入商店時，星幣超過20的部分改由本護身符存儲+0分。效果量等同於存儲星幣數量的20倍。（當前已存儲0星幣，出售時全額返還),"+分,±星幣","和牌時,出售時","線性,出售時重置","線性,星幣",6,,是,是,
S3086.webp,171,百老匯,稀有,和牌時，每張手牌的基礎分值+1分,+基礎分值,和牌時,無成長,"線性,基礎分值",6,基礎分值,否,否,
S3p086.webp,172,百老匯+,稀有,和牌時，每張手牌的基礎分值+2分,+基礎分值,和牌時,無成長,"線性,基礎分值",6,基礎分值,是,是,
S3087.webp,173,不知名收藏家,稀有,每當你獲得1張帶有印章的護身符時，本護身符獲得x1番（當前為x1番）,x番,和牌時,"線性,出售時重置",無成長,6,印章,否,否,
S3p087.webp,174,不知名收藏家+,稀有,每當你獲得1張帶有印章的護身符時，本護身符獲得x2番（當前為x1番）,x番,和牌時,"線性,出售時重置",無成長,6,印章,是,是,
S3088.webp,175,極速安檢,稀有,在第10張待摸牌前即滿足過關分數時，關卡獎勵額外獲得3倍,±星幣,關卡結束時,無成長,"線性,星幣",6,,否,否,
S3p088.webp,176,極速安檢+,稀有,在第10張待摸牌前即滿足過關分數時，關卡獎勵額外獲得5倍,±星幣,關卡結束時,無成長,"線性,星幣",6,,是,是,
S3089.webp,177,老頭樂,稀有,開槓後，如果摸到的是幺九牌，則所有幺九牌的基礎分值+19分,+基礎分值,開槓後,無成長,"線性,基礎分值",6,"基礎分值,幺九牌",否,否,
S3p089.webp,178,老頭樂+,稀有,開槓後，如果摸到的是幺九牌，則所有幺九牌的基礎分值+29分,+基礎分值,開槓後,無成長,"線性,基礎分值",6,"基礎分值,幺九牌",是,是,
S3090.webp,179,噴漆工人,稀有,關卡結束時，使1張護身符獲得隨機印章,印章,關卡結束時,無成長,"線性,印章",6,印章,否,否,可能覆蓋已有印章
S3p090.webp,180,噴漆工人+,稀有,關卡結束時，使2張護身符獲得隨機印章,印章,關卡結束時,無成長,"線性,印章",6,印章,是,是,可能覆蓋已有印章
S3091.webp,181,蹺蹺板,稀有,關卡開始時，如果星幣數量沒有超過20，則本護身符獲得x1.5番，反之則失去x3番（當前為x1番）,x番,和牌時,"線性,出售時重置",無成長,6,,否,否,
S3p091.webp,182,蹺蹺板+,稀有,關卡開始時，如果星幣數量沒有超過20，則本護身符獲得x3番，反之則失去x6番（當前為x1番）,x番,和牌時,"線性,出售時重置",無成長,6,,是,是,
S3092.webp,183,相遇天使,稀有,+0分。效果量等同於本局遊戲中每次開包發現和獲得本護身符次數的30倍,+分,和牌時,"線性,取決於其他數值",無成長,6,無限獲取,否,否,
S3p092.webp,184,相遇天使+,稀有,+0分。效果量等同於本局遊戲中每次開包發現和獲得本護身符次數的60倍,+分,和牌時,"線性,取決於其他數值",無成長,6,無限獲取,是,是,
S3093.webp,185,嶺上之花,傳說,聽牌後，開槓時必定可以嶺上開花。嶺上開花額外+4番,"+和牌次數,+番","開槓後,和牌時",無成長,無成長,9,,否,否,
S3p093.webp,186,嶺上之花+,傳說,聽牌後，開槓時必定可以嶺上開花。嶺上開花額外+8番,"+和牌次數,+番","開槓後,和牌時",無成長,無成長,9,,是,是,
S3094.webp,187,海底皎月,傳說,聽牌後，最後1張摸牌必定海底摸月和牌,"+和牌次數,+番",摸牌時,無成長,無成長,9,,否,否,
S3p094.webp,188,海底皎月+,傳說,聽牌後，最後1張摸牌必定海底摸月和牌。海底摸月額外+8番,"+和牌次數,+番","摸牌時,和牌時",無成長,無成長,9,,是,是,
S3095.webp,189,羽化成仙,傳說,換牌或舍牌時，每包含1張寶牌或魂牌，本護身符+20分（當前為+0分）,+分,和牌時,"線性,出售時重置",無成長,9,魂牌,否,否,
S3p095.webp,190,羽化成仙+,傳說,換牌或舍牌時，每包含1張寶牌或魂牌，本護身符+30分（當前為+0分）,+分,和牌時,"線性,出售時重置",無成長,9,魂牌,是,是,
S3096.webp,191,欽差關防,傳說,公開牌數量+10,+公開牌,關卡開始時,無成長,無成長,9,,否,否,
S3p096.webp,192,欽差關防+,傳說,公開牌數量+15,+公開牌,關卡開始時,無成長,無成長,9,,是,是,
S3097.webp,193,役滿大師,傳說,和牌時，如果完成了役滿役種，則本護身符獲得x0.8番（當前為x1番）,x番,和牌時,"線性,出售時重置",無成長,9,,否,否,
S3p097.webp,194,役滿大師+,傳說,和牌時，如果完成了役滿役種，則本護身符獲得x1.2番（當前為x1番）,x番,和牌時,"線性,出售時重置",無成長,9,,是,是,
S3098.webp,195,績效獎勵,傳說,滿足過關分數時，每剩余1張待摸牌則+1星幣,±星幣,滿足過關分數時,無成長,"線性,星幣",9,,否,否,
S3p098.webp,196,績效獎勵+,傳說,滿足過關分數時，每剩余1張待摸牌則+2星幣,±星幣,滿足過關分數時,無成長,"線性,星幣",9,,是,是,
S3099.webp,197,開鎖大師,傳說,鎖定3張待摸牌。每鎖定18張牌後使本護身符分數x1.3（當前為+50分，還需鎖定18張）,"+鎖定牌,x番","關卡開始時,和牌時","指數,出售時重置",無成長,9,鎖定,否,否,
S3p099.webp,198,開鎖大師+,傳說,鎖定3張待摸牌。每鎖定18張牌後使本護身符分數x1.5（當前為+50分，還需鎖定18張）,"+鎖定牌,x番","關卡開始時,和牌時","指數,出售時重置",無成長,9,鎖定,是,是,
S3100.webp,199,公子買單,傳說,購買1個護身符包後，本護身符獲得x0.2番。但是每個護身符包只提供2個選項。（當前為x1番）,"x番,商店","和牌時,打開護身符包時","線性,出售時重置",無成長,9,,否,否,
S3p100.webp,200,公子買單+,傳說,購買1個護身符包後，本護身符獲得x0.3番。但是每個護身符包只提供2個選項。（當前為x1番）,"x番,商店","和牌時,打開護身符包時","線性,出售時重置",無成長,9,,是,是,
S3101.webp,201,幻影役滿,傳說,和牌時，將1個隨機役種計為13番，並視其為役滿役種,+番,和牌時,無成長,無成長,9,,否,否,可能會降低
S3p101.webp,202,幻影役滿+,傳說,和牌時，將2個隨機役種計為26番，並視其為役滿役種,+番,和牌時,無成長,無成長,9,,是,是,
S3102.webp,203,花火主唱姬川響,傳說,每當有1種牌的基礎分值增加時，使增加量計為2倍,+基礎分值,基礎分數變動時,無成長,"線性,基礎分值",9,基礎分值,否,否,
S3p102.webp,204,花火主唱姬川響+,傳說,每當有1種牌的基礎分值增加時，使增加量計為2.5倍,+基礎分值,基礎分數變動時,無成長,"線性,基礎分值",9,基礎分值,是,是,
S3103.webp,205,類魂遊戲,傳說,和牌時，如果完成了役滿役種，本護身符獲得每張魂牌額外+5番的效果（當前每張魂牌1番）,+番,和牌時,"線性,出售時重置",無成長,9,魂牌,否,否,
S3p103.webp,206,類魂遊戲+,傳說,和牌時，如果完成了役滿役種，本護身符獲得每張魂牌額外+8番的效果（當前每張魂牌1番）,+番,和牌時,"線性,出售時重置",無成長,9,魂牌,是,是,
S3104.webp,207,萬里挑一,傳說,聽牌後，摸到一萬時必定可以和牌,+和牌次數,摸牌時,無成長,無成長,9,,否,否,
S3p104.webp,208,萬里挑一+,傳說,聽牌後，摸到萬子牌時必定可以和牌,+和牌次數,摸牌時,無成長,無成長,9,,是,是,
S3105.webp,209,神社大舞台,傳說,聽牌後，如果你連續摸切9張牌，則下1張牌必定可以和牌（已連續摸切0張）,+和牌次數,摸牌時,無成長,無成長,9,摸切,否,否,
S3p105.webp,210,神社大舞台+,傳說,聽牌後，如果你連續摸切6張牌，則下1張牌必定可以和牌（已連續摸切0張）,+和牌次數,摸牌時,無成長,無成長,9,摸切,是,是,
S3106.webp,211,吞金幼龍琳瑯,傳說,每當獲得星幣時，吃掉一半！吃掉的每個星幣可使本護身符獲得x0.2番（當前為x1番),"±星幣,x番","獲得星幣時,和牌時","線性,出售時重置","線性,星幣",9,吃掉一半！,否,否,
S3p106.webp,212,吞金幼龍琳瑯+,傳說,每當獲得星幣時，吃掉一半！吃掉的每個星幣可使本護身符獲得x0.3番（當前為x1番),"±星幣,x番","獲得星幣時,和牌時","線性,出售時重置","線性,星幣",9,吃掉一半！,是,是,
S3107.webp,213,百花繚亂,傳說,和牌時，如果同時達成6個役種，本護身符獲得x2番（當前為x1番）,x番,和牌時,"線性,出售時重置",無成長,9,,否,否,
S3p107.webp,214,百花繚亂+,傳說,和牌時，如果同時達成6個役種，本護身符獲得x3番（當前為x1番）,x番,和牌時,"線性,出售時重置",無成長,9,,是,是,
S3108.webp,215,負重前行,傳說,x1番。每當你沒有換牌時，本護身符的番數效果+30%,x番,和牌時,"指數,出售時重置",無成長,9,,否,否,
S3p108.webp,216,負重前行+,傳說,x1番。每當你沒有換牌時，本護身符的番數效果+50%,x番,和牌時,"指數,出售時重置",無成長,9,,是,是,
S3109.webp,217,王之召喚,傳說,和牌時，如果自摸的是魂牌，本護身符獲得x1番和每張魂牌額外+1番的效果（當前為x1番，每張魂牌1番）,"x番,+番",和牌時,"線性,出售時重置",無成長,9,魂牌,否,否,
S3p109.webp,218,王之召喚+,傳說,和牌時，如果自摸的是魂牌，本護身符獲得x1番和每張魂牌額外+2番的效果（當前為x1番，每張魂牌1番）,"x番,+番",和牌時,"線性,出售時重置",無成長,9,魂牌,是,是,
S3110.webp,219,儲備糧食,傳說,每當你沒有換牌時，每剩余2次換牌可使隨機1張牌成為魂牌,+魂牌,換牌時,無成長,"線性,魂牌",9,魂牌,否,否,
S3p110.webp,220,儲備糧食+,傳說,每當你沒有換牌時，每剩余1次換牌可使隨機1張牌成為魂牌,+魂牌,換牌時,無成長,"線性,魂牌",9,魂牌,是,是,
S3111.webp,221,無邊黑洞,傳說,和牌時，如果自摸的是索子，使隨機1種索子牌的基礎分值x1.1,+基礎分值,和牌時,無成長,"指數,基礎分值",9,基礎分值,否,否,
S3p111.webp,222,無邊黑洞+,傳說,和牌時，如果自摸的是索子，使隨機2種索子牌的基礎分值x1.1,+基礎分值,和牌時,無成長,"指數,基礎分值",9,基礎分值,是,是,
S3112.webp,223,小遊戲達人,傳說,每當你對1張牌進行鎖定、新增魂牌和增加基礎分值時，本護身符獲得x0.2番（當前為x1番）,x番,和牌時,"線性,出售時重置",無成長,9,"鎖定,魂牌,基礎分值",否,否,
S3p112.webp,224,小遊戲達人+,傳說,每當你對1張牌進行鎖定、新增魂牌和增加基礎分值時，本護身符獲得x0.3番（當前為x1番）,x番,和牌時,"線性,出售時重置",無成長,9,"鎖定,魂牌,基礎分值",是,是,
S3113.webp,225,晚會邀請函,傳說,本護身符的升級版會隨機變為1張神話護身符,"護身符,可轉化,自毀",擁有時,無成長,"線性,護身符",9,品質,否,否,
S3p113.webp,226,晚會邀請函+,傳說,本護身符會隨機變為1張神話護身符,"護身符,可轉化,自毀",擁有時,無成長,"線性,護身符",9,品質,是,是,
S3114.webp,227,驚喜發明家未來,傳說,關卡結束時，進行1次發明，可能獲得非常特別稀有的護身符（接受驚喜時必須要有空位）,護身符,關卡結束時,無成長,"線性,護身符",9,"發明,品質",否,否,
S3p114.webp,228,驚喜發明家未來+,傳說,關卡結束時，進行2次發明，可能獲得非常特別稀有的護身符（接受驚喜時必須要有空位）,護身符,關卡結束時,無成長,"線性,護身符",9,"發明,品質",是,是,
S3115.webp,229,耀眼明珠,傳說,和牌時，每有1張筒子的寶牌或紅寶牌則獲得3星幣,±星幣,和牌時,無成長,"線性,星幣",9,,否,否,
S3p115.webp,230,耀眼明珠+,傳說,和牌時，每有1張筒子的寶牌或紅寶牌則獲得3星幣。如果該牌是魂牌，額外獲得2星幣。,±星幣,和牌時,無成長,"線性,星幣",9,魂牌,是,是,
S3116.webp,231,星探墨鏡,傳說,商店中不再出售普通護身符包,商店,擁有時,無成長,無成長,9,品質,否,否,
S3p116.webp,232,星探墨鏡+,傳說,商店中不再出售普通護身符包，也不會開出品質最低的護身符,商店,擁有時,無成長,無成長,9,品質,是,是,
S3117.webp,233,模仿搗蛋鬼陽菜,傳說,相鄰的護身符在關卡結束時的效果會觸發2次,護身符,關卡結束時,無成長,無成長,9,,否,否,
S3p117.webp,234,模仿搗蛋鬼陽菜+,傳說,所有護身符在關卡結束時的效果會觸發2次,護身符,關卡結束時,無成長,無成長,9,,是,是,
S3118.webp,235,失敗的發明,傳說,（失敗的發明也能賣個幾塊錢！）,±星幣,出售時,無成長,"線性,星幣",9,發明,否,否,
S3p118.webp,236,失敗的發明+,傳說,（失敗的發明也能賣個幾塊錢！）,,出售時,無成長,"線性,星幣",9,發明,是,是,
S3119.webp,237,活體五索,傳說,如果待摸牌只剩下3張且聽牌時，這些牌可視為五索以和牌,+和牌次數,摸牌時,無成長,無成長,9,,否,否,
S3p119.webp,238,活體五索+,傳說,如果待摸牌只剩下6張且聽牌時，這些牌可視為五索以和牌,+和牌次數,摸牌時,無成長,無成長,9,,是,是,
S3120.webp,239,暗流湧動,傳說,每當你摸到一萬時，可以與手牌中的任意刻子完成暗槓（3張的優先！）,配牌/手牌,摸牌時,無成長,無成長,9,,否,否,
S3p120.webp,240,暗流湧動+,傳說,每當你摸到萬子時，可以與手牌中的任意刻子完成暗槓（3張的優先！）,配牌/手牌,摸牌時,無成長,無成長,9,,是,是,
S3121.webp,241,玻璃火箭,傳說,如果所有待摸牌均已公開，和牌時，重覆和這張牌2次（該效果每關至多觸發1次）,+和牌次數,和牌時,無成長,無成長,9,,否,否,
S3p121.webp,242,玻璃火箭+,傳說,如果所有待摸牌均已公開，和牌時，重覆和這張牌3次（該效果每關至多觸發1次）,+和牌次數,和牌時,無成長,無成長,9,,是,是,
S3122.webp,243,丁拉阿神貓,傳說,每關第1次換牌會優先獲得配牌最多花色的牌,配牌/手牌,換牌時,無成長,無成長,9,,否,否,
S3p122.webp,244,丁拉阿神貓+,傳說,換牌次數+1。每關第1次換牌會優先獲得配牌最多花色的牌,"+換牌次數,配牌/手牌","關卡開始時,換牌時",無成長,無成長,9,,是,是,
S3123.webp,245,風停了,傳說,關卡開始時，鎖定所有四風牌並將它們置後,"+鎖定牌,待摸牌順序",關卡開始時,無成長,無成長,9,"鎖定,四風牌",否,否,
S3p123.webp,246,風停了+,傳說,關卡開始時，鎖定所有字牌並將它們置後,"+鎖定牌,待摸牌順序",關卡開始時,無成長,無成長,9,鎖定,是,是,
S3124.webp,247,海盜頭子撫子,傳說,第3次和牌時，獲得1張普通品質隨機護身符（每關一次，要求次數和品質會逐漸提升！）,護身符,和牌時,"線性,出售時重置","線性,護身符",9,品質,否,否,"每達成一次，要求和牌次數+1
3：普通，4：稀有，5：傳說，6+：神話 可能攜帶印章"
S3p124.webp,248,海盜頭子撫子+,傳說,第3次和牌時，獲得1張普通品質隨機護身符的升級版（每關一次，要求次數和品質會逐漸提升！）,護身符,和牌時,"線性,出售時重置","線性,護身符",9,品質,是,是,"每達成一次，要求和牌次數+1
3：普通，4：稀有，5：傳說，6+：神話 可能攜帶印章"
S3125.webp,249,最後通知,傳說,關卡開始時，使待摸牌按自動理牌的順序排序,待摸牌順序,關卡開始時,無成長,無成長,9,自動理牌,否,否,
S3p125.webp,250,最後通知+,傳說,關卡開始時，使待摸牌按自動理牌的順序排序，並公開花色待摸牌。（每關會隨機花色）,"待摸牌順序,+公開牌",關卡開始時,無成長,無成長,9,"自動理牌,花色",是,是,
S3126.webp,251,花火三重奏,傳說,同一關卡內完成3次開槓後，剩余的待摸牌在聽牌時均必定可以和牌,+和牌次數,摸牌時,無成長,無成長,9,,否,否,
S3p126.webp,252,花火三重奏+,傳說,同一關卡內完成2次開槓後，剩余的待摸牌在聽牌時均必定可以和牌,+和牌次數,摸牌時,無成長,無成長,9,,是,是,
S3127.webp,253,混亂光線,傳說,關卡開始前，隨機獲得護身符直至上限。關卡結束時，使其消失,護身符,"關卡開始前,關卡結束時",無成長,"線性,護身符",9,,否,否,
S3p127.webp,254,混亂光線+,傳說,關卡開始前，隨機獲得帶有印章的護身符直至上限。關卡結束時，使其消失,"護身符,印章","關卡開始前,關卡結束時",無成長,"線性,護身符",9,印章,是,是,
S3128.webp,255,烙印魔術師萊恩,傳說,每當打開護身符包時，至少有1張護身符會帶有印章,"商店,印章",打開護身符包時,無成長,"線性,印章",9,印章,否,否,
S3p128.webp,256,烙印魔術師萊恩+,傳說,每當打開護身符包時，品質最高的護身符一定會帶有印章,"商店,印章",打開護身符包時,無成長,"線性,印章",9,"印章,品質",是,是,
S3129.webp,257,喵修斯之船,傳說,關卡開始時，手牌獲得隨機6張上一次和牌時所包含的牌,配牌/手牌,關卡開始時,無成長,無成長,9,,否,否,
S3p129.webp,258,喵修斯之船+,傳說,關卡開始時，手牌獲得隨機9張上一次和牌時所包含的牌,配牌/手牌,關卡開始時,無成長,無成長,9,,是,是,
S3130.webp,259,平穩落地,傳說,和牌時，如果手牌均為點數3及以下的序數牌，獲得8星幣,±星幣,和牌時,無成長,"線性,星幣",9,,否,否,國標：全小
S3p130.webp,260,平穩落地+,傳說,和牌時，如果手牌均為點數3及以下的序數牌，獲得12星幣,±星幣,和牌時,無成長,"線性,星幣",9,,是,是,國標：全小
S3131.webp,261,月光守護,傳說,x1番。關卡開始時，如果星幣為0則本護身符的番數效果+30%,x番,和牌時,"指數,出售時重置",無成長,9,,否,否,
S3p131.webp,262,月光守護+,傳說,x1番。關卡開始時，如果星幣為0則本護身符的番數效果+50%,x番,和牌時,"指數,出售時重置",無成長,9,,是,是,
S3132.webp,263,不穩定的護身符,傳說,關卡開始前，獲得效果！,護身符,關卡開始前,無成長,"線性,護身符",9,"不穩定的效果,品質",否,否,
S3p132.webp,264,不穩定的護身符+,傳說,關卡開始前，獲得效果！,護身符,關卡開始前,無成長,"線性,護身符",9,"不穩定的效果+,品質",是,是,
S3133.webp,265,盜印大盜,傳說,x1番。關卡結束時，左側相鄰護身符印章消失。每當有1個印章消失時，本護身符的番數效果+20%,"x番,印章","關卡結束時,和牌時","指數,出售時重置","線性,印章",9,印章,否,否,
S3p133.webp,266,盜印大盜+,傳說,x1番。關卡結束時，左側相鄰護身符印章消失。每當有1個印章消失時，本護身符的番數效果+30%,"x番,印章","關卡結束時,和牌時","指數,出售時重置","線性,印章",9,印章,是,是,
S3134.webp,267,護身禮包,神話,+0分。效果量為本輪遊戲累計升級與購買護身符消費星幣的數量的8倍,+分,和牌時,"線性,取決於其他數值",無成長,12,,否,否,
S3p134.webp,268,護身禮包+,神話,+0分。效果量為本輪遊戲累計升級與購買護身符消費星幣的數量的12倍,+分,和牌時,"線性,取決於其他數值",無成長,12,,是,是,
S3135.webp,269,天之恩惠,神話,和牌時，每有1張寶牌或魂牌則+1星幣,±星幣,和牌時,無成長,"線性,星幣",12,魂牌,否,否,
S3p135.webp,270,天之恩惠+,神話,和牌時，每有1張寶牌或魂牌則+2星幣,±星幣,和牌時,無成長,"線性,星幣",12,魂牌,是,是,
S3136.webp,271,嵐星·影分身,神話,和牌時覆制右側護身符的效果（本護身符不會被重覆觸發）,護身符,和牌時,無成長,無成長,12,,否,否,可以覆制【魔豆(+)】轉化為【通天藤蔓(+)】
S3p136.webp,272,嵐星·影分身+,神話,+10番，和牌時覆制右側護身符的效果（本護身符不會被重覆觸發）,"+番,護身符",和牌時,無成長,無成長,12,,是,是,可以覆制【魔豆(+)】轉化為【通天藤蔓(+)】
S3137.webp,273,魔法開鎖匠柚,神話,鎖定3張待摸牌。每有1張牌被鎖定時本護身符獲得x2番，如果它是魂牌則再獲得x1番（當前為x1番）,"+鎖定牌,x番","關卡開始時,和牌時","線性,出售時重置",無成長,12,"鎖定,魂牌",否,否,
S3p137.webp,274,魔法開鎖匠柚+,神話,鎖定3張待摸牌。每有1張牌被鎖定時本護身符獲得x3番，如果它是魂牌則再獲得x2番（當前為x1番）,"+鎖定牌,x番","關卡開始時,和牌時","線性,出售時重置",無成長,12,"鎖定,魂牌",是,是,
S3138.webp,275,萬象天引,神話,關卡開始時，擁有1張無法打出的百搭牌（百搭牌不會算為寶牌和魂牌）,配牌/手牌,關卡開始時,無成長,無成長,12,"百搭牌,魂牌",否,否,
S3p138.webp,276,萬象天引+,神話,換牌次數+2。關卡開始時，擁有1張無法打出的百搭牌（百搭牌不會算為寶牌和魂牌）,"+換牌次數,配牌/手牌",關卡開始時,無成長,無成長,12,"百搭牌,魂牌",是,是,
S3139.webp,277,附魔師卡維,神話,本護身符一定會有印章。關卡開始前，使左側相鄰的護身符獲得相同的印章。,印章,"擁有時,關卡開始前",無成長,"線性,印章",12,印章,否,否,
S3p139.webp,278,附魔師卡維+,神話,本護身符一定會有印章。關卡開始前，使兩側相鄰的護身符獲得相同的印章。,印章,"擁有時,關卡開始前",無成長,"線性,印章",12,印章,是,是,
S3140.webp,279,全能護符改造王,神話,關卡結束時，使本護身符右側相鄰的護身符，變為更高1級品質的隨機護身符,護身符,關卡結束時,無成長,"線性,護身符",12,品質,否,否,可以改造為已擁有的護身符，保留印章，神話護身符可以繼續改造成隨機神話護身符
S3p140.webp,280,全能護符改造王+,神話,關卡結束時，使本護身符右側相鄰的護身符，變為更高2級品質的隨機護身符,護身符,關卡結束時,無成長,"線性,護身符",12,品質,是,是,可以改造為已擁有的護身符，保留印章，神話護身符可以繼續改造成隨機神話護身符
S3141.webp,281,星際黑客淩,神話,"關卡開始前，獲得隨機其他1個最低品質護身符的效果（關卡結束時失去效果,關卡開始前，獲得效果！）",護身符,"關卡開始前,關卡開始時",無成長,"線性,護身符",12,"技術入侵,品質",否,否,獲得護身符效果時保留自身印章，不獲得新的印章
S3p141.webp,282,星際黑客淩+,神話,"換牌次數+1。關卡開始前，獲得隨機其他1個最低品質護身符的效果（關卡結束時失去效果,關卡開始前，獲得效果！）","+換牌次數,護身符","關卡開始前,關卡開始時",無成長,"線性,護身符",12,"技術入侵,品質",是,是,獲得護身符效果時保留自身印章，不獲得新的印章
S3142.webp,283,植物學家二之宮,神話,關卡結束時，隨機使2種牌的基礎分值變為與最高數值相同,+基礎分值,關卡結束時,無成長,"線性,基礎分值",12,基礎分值,否,否,
S3p142.webp,284,植物學家二之宮+,神話,關卡結束時，隨機使3種牌的基礎分值變為與最高數值相同,+基礎分值,關卡結束時,無成長,"線性,基礎分值",12,基礎分值,是,是,
